ApexClass.Name,Status,CreatedDate,CompletedDate
PeopleManagerBatch,Completed,2026-07-06T22:05:49.000+0000,2026-07-06T22:05:51.000+0000
PeopleManagerBatch,Completed,2026-07-06T22:05:49.000+0000,2026-07-06T22:05:51.000+0000
PeopleManagerBatch,Completed,2026-07-06T20:30:00.000+0000,2026-07-06T20:30:01.000+0000
PeopleManagerBatch,Completed,2026-07-06T18:29:25.000+0000,2026-07-06T18:29:37.000+0000
PeopleManagerBatch,Completed,2026-07-06T18:29:25.000+0000,2026-07-06T18:29:26.000+0000
PeopleManagerBatch,Completed,2026-07-06T18:29:25.000+0000,2026-07-06T18:29:37.000+0000
PeopleManagerBatch,Completed,2026-07-06T18:29:25.000+0000,2026-07-06T18:29:38.000+0000
PeopleManagerBatch,Completed,2026-07-06T18:29:25.000+0000,2026-07-06T18:29:28.000+0000
PeopleManagerBatch,Completed,2026-07-06T18:29:25.000+0000,2026-07-06T18:29:28.000+0000
